{"key": "12409132409", "value": "30"},
{"key": "12409132419", "value": "40"},
{"key": "12409132409", "value": "30"},
{"key": "12409132409", "value": "66"},
{"key": "12409132409", "value": "99"},
{"key": "12409132409", "value": "100"},
{"key": "12409132409", "value": "101"},
{"key": "12409132409", "value": "102"},
{"key": "12409132409", "value": "103"},
{"key": "12409132409", "value": "104"},
{"key": "12409132409", "value": "105"},
{"key":"12409132409","value":"105"},
{"key":"12409132409","value":"106"},
{"key":"12409132409","value":"107"},
{"key":"12409132409","value":"108"},
{"key":"12409132409","value":"109"},
{"key":"9","value":"109"},
{"key": "3", "value": "super" },
{"key": "4", "value": "prima" },
{"key": "5", "value": "ok" },
{"key": "7", "value": "nein" },
{"key": "8", "value": "oho" },
{"key": "22", "value": "wow" },
{"key": "33", "value": "no" },
